INSERT INTO "ACCOUNTS"("ID","BALANCE","CREATED_AT","NAME","NUMBER","UPDATED_AT")VALUES(123, 6000, sysdate, 'Pabba', 111111, sysdate);
INSERT INTO "ACCOUNTS"("ID","BALANCE","CREATED_AT","NAME","NUMBER","UPDATED_AT")VALUES(234, 12000, sysdate, 'Vinay', 222222, sysdate);
INSERT INTO "ACCOUNTS"("ID","BALANCE","CREATED_AT","NAME","NUMBER","UPDATED_AT")VALUES(345, 9000, sysdate, 'Nikhil', 333333, sysdate);
INSERT INTO "ACCOUNTS"("ID","BALANCE","CREATED_AT","NAME","NUMBER","UPDATED_AT")VALUES(456, 33000, sysdate, 'Gowd', 444444, sysdate);


INSERT INTO "BENEFICIARIES"("ID","ACCOUNT_NUMBER","NAME","CREATED_AT","TRANSFER_LIMIT","UPDATED_AT","ACCOUNT_ID")VALUES(1,222222,'Vinay',sysdate,5000,sysdate,123);
INSERT INTO "BENEFICIARIES"("ID","ACCOUNT_NUMBER","NAME","CREATED_AT","TRANSFER_LIMIT","UPDATED_AT","ACCOUNT_ID")VALUES(2,333333,'Nikhil',sysdate,5000,sysdate,123);

INSERT INTO "BENEFICIARIES"("ID","ACCOUNT_NUMBER","NAME","CREATED_AT","TRANSFER_LIMIT","UPDATED_AT","ACCOUNT_ID")VALUES(4,111111,'Pabba',sysdate,5000,sysdate,234);
INSERT INTO "BENEFICIARIES"("ID","ACCOUNT_NUMBER","NAME","CREATED_AT","TRANSFER_LIMIT","UPDATED_AT","ACCOUNT_ID")VALUES(5,333333,'Nikhil',sysdate,5000,sysdate,234);

/*INSERT INTO "BENEFICIARIES"("ID","ACCOUNT_NUMBER","NAME","CREATED_AT","TRANSFER_LIMIT","UPDATED_AT")VALUES(1,222222,'Vinay',sysdate,5000,sysdate);
INSERT INTO "BENEFICIARIES"("ID","ACCOUNT_NUMBER","NAME","CREATED_AT","TRANSFER_LIMIT","UPDATED_AT")VALUES(2,333333,'Nikhil',sysdate,5000,sysdate);
INSERT INTO "BENEFICIARIES"("ID","ACCOUNT_NUMBER","NAME","CREATED_AT","TRANSFER_LIMIT","UPDATED_AT")VALUES(3,444444,'Gowd',sysdate,5000,sysdate);

INSERT INTO "BENEFICIARIES"("ID","ACCOUNT_NUMBER","NAME","CREATED_AT","TRANSFER_LIMIT","UPDATED_AT")VALUES(4,111111,'Pabba',sysdate,5000,sysdate);
INSERT INTO "BENEFICIARIES"("ID","ACCOUNT_NUMBER","NAME","CREATED_AT","TRANSFER_LIMIT","UPDATED_AT")VALUES(5,333333,'Nikhil',sysdate,5000,sysdate);*/


/*INSERT INTO "PUBLIC"."TRANSACTIONS"("ID","AMOUNT","CREATED_AT","DATE","TYPE","UPDATED_AT","ACCOUNT_ID","BENEFICIARY_ID")VALUES(1000,200,sysdate,sysdate,'C',sysdate,123,1);
INSERT INTO "PUBLIC"."TRANSACTIONS"("ID","AMOUNT","CREATED_AT","DATE","TYPE","UPDATED_AT","ACCOUNT_ID","BENEFICIARY_ID")VALUES(1001,100,sysdate,sysdate,'D',sysdate,123,1);
INSERT INTO "PUBLIC"."TRANSACTIONS"("ID","AMOUNT","CREATED_AT","DATE","TYPE","UPDATED_AT","ACCOUNT_ID","BENEFICIARY_ID")VALUES(1002,120,sysdate,sysdate,'C',sysdate,234,5);
INSERT INTO "PUBLIC"."TRANSACTIONS"("ID","AMOUNT","CREATED_AT","DATE","TYPE","UPDATED_AT","ACCOUNT_ID","BENEFICIARY_ID")VALUES(1003,932,sysdate,sysdate,'C',sysdate,123,1);
INSERT INTO "PUBLIC"."TRANSACTIONS"("ID","AMOUNT","CREATED_AT","DATE","TYPE","UPDATED_AT","ACCOUNT_ID","BENEFICIARY_ID")VALUES(1004,643,sysdate,sysdate,'D',sysdate,123,1);
INSERT INTO "PUBLIC"."TRANSACTIONS"("ID","AMOUNT","CREATED_AT","DATE","TYPE","UPDATED_AT","ACCOUNT_ID","BENEFICIARY_ID")VALUES(1005,232,sysdate,sysdate,'C',sysdate,234,4);
INSERT INTO "PUBLIC"."TRANSACTIONS"("ID","AMOUNT","CREATED_AT","DATE","TYPE","UPDATED_AT","ACCOUNT_ID","BENEFICIARY_ID")VALUES(1006,664,sysdate,sysdate,'D',sysdate,234,4);
INSERT INTO "PUBLIC"."TRANSACTIONS"("ID","AMOUNT","CREATED_AT","DATE","TYPE","UPDATED_AT","ACCOUNT_ID","BENEFICIARY_ID")VALUES(1007,775,sysdate,sysdate,'D',sysdate,123,1);*/

INSERT INTO "PUBLIC"."TRANSACTIONS"("ID","AMOUNT","CREATED_AT","DATE","TYPE","UPDATED_AT","ACCOUNT_ID")VALUES(1000,200,sysdate,sysdate,'C',sysdate,123);
INSERT INTO "PUBLIC"."TRANSACTIONS"("ID","AMOUNT","CREATED_AT","DATE","TYPE","UPDATED_AT","ACCOUNT_ID")VALUES(1001,100,sysdate,sysdate,'D',sysdate,123);
INSERT INTO "PUBLIC"."TRANSACTIONS"("ID","AMOUNT","CREATED_AT","DATE","TYPE","UPDATED_AT","ACCOUNT_ID")VALUES(1002,120,sysdate,sysdate,'C',sysdate,234);
INSERT INTO "PUBLIC"."TRANSACTIONS"("ID","AMOUNT","CREATED_AT","DATE","TYPE","UPDATED_AT","ACCOUNT_ID")VALUES(1003,932,sysdate,sysdate,'C',sysdate,123);
INSERT INTO "PUBLIC"."TRANSACTIONS"("ID","AMOUNT","CREATED_AT","DATE","TYPE","UPDATED_AT","ACCOUNT_ID")VALUES(1004,643,sysdate,sysdate,'D',sysdate,123);
INSERT INTO "PUBLIC"."TRANSACTIONS"("ID","AMOUNT","CREATED_AT","DATE","TYPE","UPDATED_AT","ACCOUNT_ID")VALUES(1005,232,sysdate,sysdate,'C',sysdate,234);
INSERT INTO "PUBLIC"."TRANSACTIONS"("ID","AMOUNT","CREATED_AT","DATE","TYPE","UPDATED_AT","ACCOUNT_ID")VALUES(1006,664,sysdate,sysdate,'D',sysdate,234);
INSERT INTO "PUBLIC"."TRANSACTIONS"("ID","AMOUNT","CREATED_AT","DATE","TYPE","UPDATED_AT","ACCOUNT_ID")VALUES(1007,775,sysdate,sysdate,'D',sysdate,123);
